<?xml version="1.0" encoding="UTF-8"?>
<project-private xmlns="http://www.netbeans.org/ns/project-private/1">
    <editor-bookmarks xmlns="http://www.netbeans.org/ns/editor-bookmarks/2" lastBookmarkId="0"/>
    <open-files xmlns="http://www.netbeans.org/ns/projectui-open-files/2">
        <group>
            <file>file:/D:/Semester%203/MS/PertemuanKeduabelas/src/pertemuankeduabelas/UpdateDlgP.java</file>
            <file>file:/D:/Semester%203/MS/PertemuanKeduabelas/src/pertemuankeduabelas/DeleteDlgP.java</file>
            <file>file:/D:/Semester%203/MS/PertemuanKeduabelas/src/pertemuankeduabelas/InsertDlg.java</file>
            <file>file:/D:/Semester%203/MS/PertemuanKeduabelas/src/pertemuankeduabelas/UpdateDlgB.java</file>
            <file>file:/D:/Semester%203/MS/PertemuanKeduabelas/src/pertemuankeduabelas/InsertDlgB.java</file>
            <file>file:/D:/Semester%203/MS/PertemuanKeduabelas/src/pertemuankeduabelas/DeleteDlgB.java</file>
            <file>file:/D:/Semester%203/MS/PertemuanKeduabelas/src/pertemuankeduabelas/MenuUtama.java</file>
        </group>
    </open-files>
</project-private>
